College,Program name,Program name_link,Credential awarded,Duration,IELTS,Duolingo Language Test,Pearson Test of English (PTE),Canadian Academic English Language Test (CAEL),Cambridge English Exams
george brown college,Applied A.I. Solutions Development (Postgraduate) (T431),https://www.georgebrown.ca/program-finder?year=2023&f[0]=international_students_can_apply:1/programs/applied-ai-solutions-development-program-postgraduate-t431?year=2023,Ontario College Graduate Certificate,,6.5,125,60,70,176
george brown college,Blockchain Development (T475),https://www.georgebrown.ca/program-finder?year=2023&f[0]=international_students_can_apply:1/programs/blockchain-development-program-t475?year=2023,Ontario College Graduate Certificate,,6.5,125,60,70,176
george brown college,Cloud Computing Technologies (Postgraduate) (T465),https://www.georgebrown.ca/program-finder?year=2023&f[0]=international_students_can_apply:1/programs/cloud-computing-technologies-program-postgraduate-t465?year=2023,Ontario College Graduate Certificate,,6.5,125,60,70,176
george brown college,Computer Programming and Analysis (T177),https://www.georgebrown.ca/program-finder?year=2023&f[0]=international_students_can_apply:1/programs/computer-programming-and-analysis-program-t177?year=2023,Ontario College Advanced Diploma,,6.5,125,60,70,176
george brown college,Computer Systems Technician (T141),https://www.georgebrown.ca/program-finder?year=2023&f[0]=international_students_can_apply:1/programs/computer-systems-technician-program-t141?year=2023,Ontario College Diploma,,6,105,54,60,169
george brown college,Computer Systems Technology (T147),https://www.georgebrown.ca/program-finder?year=2023&f[0]=international_students_can_apply:1/programs/computer-systems-technology-program-t147?year=2023,Ontario College Advanced Diploma,,6.5,125,60,70,176
george brown college,Cyber Security (Postgraduate) (T433),https://www.georgebrown.ca/program-finder?year=2023&f[0]=international_students_can_apply:1/programs/cyber-security-program-postgraduate-t433?year=2023,Ontario College Graduate Certificate,,6.5,125,60,70,176
george brown college,Game – Programming (T163),https://www.georgebrown.ca/program-finder?year=2023&f[0]=international_students_can_apply:1/programs/game-programming-program-t163?year=2023,Ontario College Advanced Diploma,,6.5,125,60,70,176
george brown college,Health Informatics (Postgraduate) (T402),https://www.georgebrown.ca/program-finder?year=2023&f[0]=international_students_can_apply:1/programs/health-informatics-program-postgraduate-t402?year=2023,Ontario College Graduate Certificate,,6.5,125,60,70,176
george brown college,Information Systems Business Analysis (with experiential learning capstone) (Postgraduate) (T405),https://www.georgebrown.ca/program-finder?year=2023&f[0]=international_students_can_apply:1/programs/information-systems-business-analysis-program-with-experiential-learning-capstone-postgraduate-t405?year=2023,Ontario College Graduate Certificate,,6.5,125,60,70,176
george brown college,Mobile Application Development and Strategy (Postgraduate) (T440),https://www.georgebrown.ca/program-finder?year=2023&f[0]=international_students_can_apply:1/programs/mobile-application-development-and-strategy-program-postgraduate-t440?year=2023,Ontario College Graduate Certificate,,6.5,125,60,70,176
george brown college,Wireless Networking (Postgraduate) (T411),https://www.georgebrown.ca/program-finder?year=2023&f[0]=international_students_can_apply:1/programs/wireless-networking-program-postgraduate-t411?year=2023,Ontario College Graduate Certificate,,6.5,125,60,70,176
george brown college,Art and Design Foundation (G108),https://www.georgebrown.ca/program-finder?year=2023&f[0]=international_students_can_apply:1/programs/art-and-design-foundation-program-g108?year=2023,Ontario College Certificate,,6,105,54,60,169
george brown college,Concept Art for Entertainment (Postgraduate) (G407),https://www.georgebrown.ca/program-finder?year=2023&f[0]=international_students_can_apply:1/programs/concept-art-for-entertainment-program-postgraduate-g407?year=2023,Ontario College Graduate Certificate,,6.5,125,60,70,176
george brown college,Design Management (Postgraduate) (G401),https://www.georgebrown.ca/program-finder?year=2023&f[0]=international_students_can_apply:1/programs/design-management-program-postgraduate-g401?year=2023,Ontario College Graduate Certificate,,6.5,125,60,70,176
george brown college,Digital Design – Game Design (Postgraduate) (G405),https://www.georgebrown.ca/program-finder?year=2023&f[0]=international_students_can_apply:1/programs/digital-design-game-design-program-postgraduate-g405?year=2023,Ontario College Graduate Certificate,,6.5,125,60,70,176
george brown college,Game – Art (G119),https://www.georgebrown.ca/program-finder?year=2023&f[0]=international_students_can_apply:1/programs/game-art-program-g119?year=2023,Ontario College Advanced Diploma,,6.5,125,60,70,176
george brown college,Graphic Design (G102),https://www.georgebrown.ca/program-finder?year=2023&f[0]=international_students_can_apply:1/programs/graphic-design-program-g102?year=2023,Ontario College Advanced Diploma,,6.5,125,60,70,176
george brown college,Honours Bachelor of Brand Design (G304),https://www.georgebrown.ca/program-finder?year=2023&f[0]=international_students_can_apply:1/programs/honours-bachelor-of-brand-design-program-g304?year=2023,Honours Bachelor's Degree,,6.5,125,60,70,176
george brown college,Honours Bachelor of Brand Design Bridge (G305),https://www.georgebrown.ca/program-finder?year=2023&f[0]=international_students_can_apply:1/programs/honours-bachelor-of-brand-design-program-g305?year=2023,Honours Bachelor's Degree,,6.5,125,60,70,176
george brown college,Honours Bachelor of Digital Experience Design (G301),https://www.georgebrown.ca/program-finder?year=2023&f[0]=international_students_can_apply:1/programs/honours-bachelor-of-digital-experience-design-program-g301?year=2023,Honours Bachelor's Degree,,6.5,125,60,70,176
george brown college,Honours Bachelor of Digital Experience Design Year 3 Bridge (G302),https://www.georgebrown.ca/program-finder?year=2023&f[0]=international_students_can_apply:1/programs/honours-bachelor-of-digital-experience-design-program-year-3-bridge-g302?year=2023,Honours Bachelor's Degree,,6.5,125,60,70,176
george brown college,Interaction Design (G113),https://www.georgebrown.ca/program-finder?year=2023&f[0]=international_students_can_apply:1/programs/interaction-design-program-g113?year=2023,Ontario College Advanced Diploma,,6.5,125,60,70,176
george brown college,Interactive Media Management (Postgraduate) (G412),https://www.georgebrown.ca/program-finder?year=2023&f[0]=international_students_can_apply:1/programs/interactive-media-management-program-postgraduate-g412?year=2023,Ontario College Graduate Certificate,,6.5,125,60,70,176
george brown college,Interdisciplinary Design Strategy (Postgraduate) at the Brookfield Sustainability Institute (G414),https://www.georgebrown.ca/program-finder?year=2023&f[0]=international_students_can_apply:1/programs/interdisciplinary-design-strategy-program-postgraduate-at-the-brookfield-sustainability-institute-g414?year=2023,Ontario College Graduate Certificate,,6.5,125,60,70,176
george brown college,Web Development – Front-End Design (Postgraduate) (G418),https://www.georgebrown.ca/program-finder?year=2023&f[0]=international_students_can_apply:1/programs/web-development-front-end-design-program-postgraduate-g418?year=2023,Ontario College Graduate Certificate,,6.5,125,60,70,176
george brown college,Fashion Business Industry (F112),https://www.georgebrown.ca/program-finder?year=2023&f[0]=international_students_can_apply:1/programs/fashion-business-industry-program-f112?year=2023,Ontario College Diploma,,6,105,54,60,169
george brown college,Fashion Management (F102),https://www.georgebrown.ca/program-finder?year=2023&f[0]=international_students_can_apply:1/programs/fashion-management-program-f102?year=2023,Ontario College Diploma,,6,105,54,60,169
george brown college,Fashion Techniques and Design (F113),https://www.georgebrown.ca/program-finder?year=2023&f[0]=international_students_can_apply:1/programs/fashion-techniques-and-design-program-f113?year=2023,Ontario College Diploma,,6,105,54,60,169
george brown college,Gemmology (F105),https://www.georgebrown.ca/program-finder?year=2023&f[0]=international_students_can_apply:1/programs/gemmology-program-f105?year=2023,Ontario College Certificate,,6,105,54,60,169
george brown college,International Fashion Management (Postgraduate Certificate) (F412),https://www.georgebrown.ca/program-finder?year=2023&f[0]=international_students_can_apply:1/programs/international-fashion-management-program-postgraduate-certificate-f412?year=2023,Ontario College Graduate Certificate,,6.5,125,60,70,176
george brown college,Jewellery Arts (F114),https://www.georgebrown.ca/program-finder?year=2023&f[0]=international_students_can_apply:1/programs/jewellery-arts-program-f114?year=2023,Ontario College Advanced Diploma,,6.5,125,60,70,176
george brown college,Jewellery Essentials (F111),https://www.georgebrown.ca/program-finder?year=2023&f[0]=international_students_can_apply:1/programs/jewellery-essentials-program-f111?year=2023,Ontario College Certificate,,6,105,54,60,169
george brown college,Jewellery Methods (F110),https://www.georgebrown.ca/program-finder?year=2023&f[0]=international_students_can_apply:1/programs/jewellery-methods-program-f110?year=2023,Ontario College Diploma,,6,105,54,60,169
george brown college,Acting for Media (P107),https://www.georgebrown.ca/program-finder?year=2023&f[0]=international_students_can_apply:1/programs/acting-for-media-program-p107?year=2023,Ontario College Diploma,,6,105,54,60,169
george brown college,Commercial Dance (P106),https://www.georgebrown.ca/program-finder?year=2023&f[0]=international_students_can_apply:1/programs/commercial-dance-program-p106?year=2023,Ontario College Certificate,,6,105,54,60,169
george brown college,Dance Performance (P105),https://www.georgebrown.ca/program-finder?year=2023&f[0]=international_students_can_apply:1/programs/dance-performance-program-p105?year=2023,Ontario College Diploma,,6,105,54,60,169
george brown college,Dance Performance Preparation (P101),https://www.georgebrown.ca/program-finder?year=2023&f[0]=international_students_can_apply:1/programs/dance-performance-preparation-program-p101?year=2023,Ontario College Certificate,,6,105,54,60,169
george brown college,Media Foundation (P111),https://www.georgebrown.ca/program-finder?year=2023&f[0]=international_students_can_apply:1/programs/media-foundation-program-p111?year=2023,Ontario College Certificate,,6,105,54,60,169
george brown college,Screenwriting & Narrative Design (Postgraduate) (P400),https://www.georgebrown.ca/program-finder?year=2023&f[0]=international_students_can_apply:1/programs/screenwriting-narrative-design-program-postgraduate-p400?year=2023,Ontario College Graduate Certificate,,6.5,125,60,70,176
george brown college,Screenwriting & Narrative Design (Online) (Postgraduate) (P410),https://www.georgebrown.ca/program-finder?year=2023&f[0]=international_students_can_apply:1/programs/screenwriting-narrative-design-program-online-postgraduate-p410?year=2023,Ontario College Graduate Certificate,,6.5,125,60,70,176
george brown college,Sound Design & Production (Postgraduate) (P409),https://www.georgebrown.ca/program-finder?year=2023&f[0]=international_students_can_apply:1/programs/sound-design-production-program-postgraduate-p409?year=2023,Ontario College Graduate Certificate,,6.5,125,60,70,176
george brown college,Theatre Arts – Performance (P104),https://www.georgebrown.ca/program-finder?year=2023&f[0]=international_students_can_apply:1/programs/theatre-arts-performance-program-p104?year=2023,Ontario College Advanced Diploma,,6.5,125,60,70,176
george brown college,Theatre Arts-Preparation (P108),https://www.georgebrown.ca/program-finder?year=2023&f[0]=international_students_can_apply:1/programs/theatre-arts-preparation-program-p108?year=2023,Ontario College Certificate,,6,105,54,60,169
george brown college,Video Design & Production (P112),https://www.georgebrown.ca/program-finder?year=2023&f[0]=international_students_can_apply:1/programs/video-design-production-program-p112?year=2023,Ontario College Diploma,,6,105,54,60,169
george brown college,Visual Effects (Postgraduate) (P408),https://www.georgebrown.ca/program-finder?year=2023&f[0]=international_students_can_apply:1/programs/visual-effects-program-postgraduate-p408?year=2023,Ontario College Graduate Certificate,,6.5,125,60,70,176
george brown college,Visual Effects (Online) (Postgraduate) (P418),https://www.georgebrown.ca/program-finder?year=2023&f[0]=international_students_can_apply:1/programs/visual-effects-program-online-postgraduate-p418?year=2023,Ontario College Graduate Certificate,,6.5,125,60,70,176
george brown college,Business – Accounting (B103),https://www.georgebrown.ca/program-finder?year=2023&f[0]=international_students_can_apply:1/programs/business-accounting-program-b103?year=2023,Ontario College Diploma,,6,105,54,60,169
george brown college,Business Administration – Accounting (B107),https://www.georgebrown.ca/program-finder?year=2023&f[0]=international_students_can_apply:1/programs/business-administration-accounting-program-b107?year=2023,Ontario College Advanced Diploma,,6.5,125,60,70,176
george brown college,Business Administration – Accounting (with work experience) (B157),https://www.georgebrown.ca/program-finder?year=2023&f[0]=international_students_can_apply:1/programs/business-administration-accounting-program-with-work-experience-b157?year=2023,Ontario College Advanced Diploma,,6.5,125,60,70,176
george brown college,Business Administration – Finance (B130),https://www.georgebrown.ca/program-finder?year=2023&f[0]=international_students_can_apply:1/programs/business-administration-finance-program-b130?year=2023,Ontario College Advanced Diploma,,6.5,125,60,70,176
george brown college,Business Administration – Finance (with work experience) (B150),https://www.georgebrown.ca/program-finder?year=2023&f[0]=international_students_can_apply:1/programs/business-administration-finance-program-with-work-experience-b150?year=2023,Ontario College Advanced Diploma,,6.5,125,60,70,176
george brown college,Business – Finance (B133),https://www.georgebrown.ca/program-finder?year=2023&f[0]=international_students_can_apply:1/programs/business-finance-program-b133?year=2023,Ontario College Diploma,,6,105,54,60,169
george brown college,Financial Planning (Postgraduate) (B407),https://www.georgebrown.ca/program-finder?year=2023&f[0]=international_students_can_apply:1/programs/financial-planning-program-postgraduate-b407?year=2023,Ontario College Graduate Certificate,,6.5,125,60,70,176
george brown college,Honours Bachelor of Commerce (Financial Services) (B302),https://www.georgebrown.ca/program-finder?year=2023&f[0]=international_students_can_apply:1/programs/honours-bachelor-of-commerce-financial-services-program-b302?year=2023,Honours Bachelor's Degree,,6.5,125,60,70,176
george brown college,Business Administration – Human Resources (B144),https://www.georgebrown.ca/program-finder?year=2023&f[0]=international_students_can_apply:1/programs/business-administration-human-resources-program-b144?year=2023,Ontario College Advanced Diploma,,6.5,125,60,70,176
george brown college,Business Administration – Human Resources (with work experience) (B154),https://www.georgebrown.ca/program-finder?year=2023&f[0]=international_students_can_apply:1/programs/business-administration-human-resources-program-with-work-experience-b154?year=2023,Ontario College Advanced Diploma,,6.5,125,60,70,176
george brown college,Business – Human Resources (B134),https://www.georgebrown.ca/program-finder?year=2023&f[0]=international_students_can_apply:1/programs/business-human-resources-program-b134?year=2023,Ontario College Diploma,,6,105,54,60,169
george brown college,Human Resources Management (Postgraduate) (B408),https://www.georgebrown.ca/program-finder?year=2023&f[0]=international_students_can_apply:1/programs/human-resources-management-program-postgraduate-b408?year=2023,Ontario College Graduate Certificate,,6.5,125,60,70,176
george brown college,Analytics for Business Decision Making (Postgraduate) (B412),https://www.georgebrown.ca/program-finder?year=2023&f[0]=international_students_can_apply:1/programs/analytics-for-business-decision-making-program-postgraduate-b412?year=2023,Ontario College Graduate Certificate,,6.5,125,60,70,176
george brown college,Business (B125),https://www.georgebrown.ca/program-finder?year=2023&f[0]=international_students_can_apply:1/programs/business-program-b125?year=2023,Ontario College Diploma,,6,105,54,60,169
george brown college,Business Administration (B145),https://www.georgebrown.ca/program-finder?year=2023&f[0]=international_students_can_apply:1/programs/business-administration-program-b145?year=2023,Ontario College Advanced Diploma,,6.5,125,60,70,176
george brown college,Business Administration (with work experience) (B155),https://www.georgebrown.ca/program-finder?year=2023&f[0]=international_students_can_apply:1/programs/business-administration-program-with-work-experience-b155?year=2023,Ontario College Advanced Diploma,,6.5,125,60,70,176
george brown college,Business Administration – International Business (B131),https://www.georgebrown.ca/program-finder?year=2023&f[0]=international_students_can_apply:1/programs/business-administration-international-business-program-b131?year=2023,Ontario College Advanced Diploma,,6.5,125,60,70,176
george brown college,Business Administration – International Business (with work experience) (B161),https://www.georgebrown.ca/program-finder?year=2023&f[0]=international_students_can_apply:1/programs/business-administration-international-business-program-with-work-experience-b161?year=2023,Ontario College Advanced Diploma,,6.5,125,60,70,176
george brown college,Business Administration – Project Management (B126),https://www.georgebrown.ca/program-finder?year=2023&f[0]=international_students_can_apply:1/programs/business-administration-project-management-program-b126?year=2023,Ontario College Advanced Diploma,,6.5,125,60,70,176
george brown college,Business Administration – Project Management (with work experience) (B156),https://www.georgebrown.ca/program-finder?year=2023&f[0]=international_students_can_apply:1/programs/business-administration-project-management-program-with-work-experience-b156?year=2023,Ontario College Advanced Diploma,,6.5,125,60,70,176
george brown college,Business Administration – Supply Chain and Operations Management (B122),https://www.georgebrown.ca/program-finder?year=2023&f[0]=international_students_can_apply:1/programs/business-administration-supply-chain-and-operations-management-program-b122?year=2023,Ontario College Advanced Diploma,,6.5,125,60,70,176
george brown college,Business Administration – Supply Chain and Operations Management (with work experience) (B162),https://www.georgebrown.ca/program-finder?year=2023&f[0]=international_students_can_apply:1/programs/business-administration-supply-chain-and-operations-management-program-with-work-experience-b162?year=2023,Ontario College Advanced Diploma,,6.5,125,60,70,176
george brown college,Entrepreneurship Management (Postgraduate) (B416),https://www.georgebrown.ca/program-finder?year=2023&f[0]=international_students_can_apply:1/programs/entrepreneurship-management-program-postgraduate-b416?year=2023,Ontario College Graduate Certificate,,6.5,125,60,70,176
george brown college,Esports Management Postgraduate (B424),https://www.georgebrown.ca/program-finder?year=2023&f[0]=international_students_can_apply:1/programs/esports-management-program-postgraduate-b424?year=2023,Ontario College Graduate Certificate,,6.5,125,60,70,176
george brown college,Honours Bachelor of Business Administration (Business Analytics) (B303),https://www.georgebrown.ca/program-finder?year=2023&f[0]=international_students_can_apply:1/programs/honours-bachelor-of-business-administration-program-business-analytics-b303?year=2023,Honours Bachelor's Degree,,6.5,125,60,70,176
george brown college,International Business Management (Postgraduate) (B411),https://www.georgebrown.ca/program-finder?year=2023&f[0]=international_students_can_apply:1/programs/international-business-management-program-postgraduate-b411?year=2023,Ontario College Graduate Certificate,,6.5,125,60,70,176
george brown college,Project Management (Postgraduate) (B415),https://www.georgebrown.ca/program-finder?year=2023&f[0]=international_students_can_apply:1/programs/project-management-program-postgraduate-b415?year=2023,Ontario College Graduate Certificate,,6.5,125,60,70,176
george brown college,Supply Chain Management (Postgraduate) (B429),https://www.georgebrown.ca/program-finder?year=2023&f[0]=international_students_can_apply:1/programs/supply-chain-management-program-postgraduate-b429?year=2023,Ontario College Graduate Certificate,,6.5,125,60,70,176
george brown college,Business Administration – Marketing (B108),https://www.georgebrown.ca/program-finder?year=2023&f[0]=international_students_can_apply:1/programs/business-administration-marketing-program-b108?year=2023,Ontario College Advanced Diploma,,6.5,125,60,70,176
george brown college,Business Administration – Marketing (with work experience) (B158),https://www.georgebrown.ca/program-finder?year=2023&f[0]=international_students_can_apply:1/programs/business-administration-marketing-program-with-work-experience-b158?year=2023,Ontario College Advanced Diploma,,6.5,125,60,70,176
george brown college,Business – Marketing (B120),https://www.georgebrown.ca/program-finder?year=2023&f[0]=international_students_can_apply:1/programs/business-marketing-program-b120?year=2023,Ontario College Diploma,,6,105,54,60,169
george brown college,Honours Bachelor of Commerce (Digital Marketing) (B312),https://www.georgebrown.ca/program-finder?year=2023&f[0]=international_students_can_apply:1/programs/honours-bachelor-of-commerce-digital-marketing-program-b312?year=2023,Honours Bachelor's Degree,,6.5,125,60,70,176
george brown college,Marketing Management – Digital Media (Postgraduate) (B433),https://www.georgebrown.ca/program-finder?year=2023&f[0]=international_students_can_apply:1/programs/marketing-management-digital-media-program-postgraduate-b433?year=2023,Ontario College Graduate Certificate,,6.5,125,60,70,176
george brown college,Marketing Management – Financial Services (Postgraduate) (B406),https://www.georgebrown.ca/program-finder?year=2023&f[0]=international_students_can_apply:1/programs/marketing-management-financial-services-program-postgraduate-b406?year=2023,Ontario College Graduate Certificate,,6.5,125,60,70,176
george brown college,Sport and Event Marketing (Postgraduate) (B400),https://www.georgebrown.ca/program-finder?year=2023&f[0]=international_students_can_apply:1/programs/sport-and-event-marketing-program-postgraduate-b400?year=2023,Ontario College Graduate Certificate,,6.5,125,60,70,176
george brown college,Strategic Relationship Marketing (Postgraduate) (B409),https://www.georgebrown.ca/program-finder?year=2023&f[0]=international_students_can_apply:1/programs/strategic-relationship-marketing-program-postgraduate-b409?year=2023,Ontario College Graduate Certificate,,6.5,125,60,70,176
george brown college,American Sign Language and Deaf Studies (C114),https://www.georgebrown.ca/program-finder?year=2023&f[0]=international_students_can_apply:1/programs/american-sign-language-and-deaf-studies-program-c114?year=2023,Ontario College Certificate,,6,105,54,60,169
george brown college,Honours Bachelor of Interpretation (American Sign Language – English) (C302),https://www.georgebrown.ca/program-finder?year=2023&f[0]=international_students_can_apply:1/programs/honours-bachelor-of-interpretation-american-sign-language-english-program-c302?year=2023,Honours Bachelor's Degree,,6.5,125,60,70,176
george brown college,Bachelor of Early Childhood Education – Honours (Degree Completion) (C305),https://www.georgebrown.ca/program-finder?year=2023&f[0]=international_students_can_apply:1/programs/bachelor-of-early-childhood-education-honours-c305?year=2023,Honours Bachelor's Degree,,6.5,125,60,70,176
george brown college,Early Childhood Education (Accelerated) (C160),https://www.georgebrown.ca/program-finder?year=2023&f[0]=international_students_can_apply:1/programs/early-childhood-education-program-accelerated-c160?year=2023,Ontario College Diploma,,6,105,54,60,169
george brown college,Early Childhood Education (Consecutive Diploma/Degree) (C118),https://www.georgebrown.ca/program-finder?year=2023&f[0]=international_students_can_apply:1/programs/early-childhood-education-program-consecutive-diplomadegree-c118?year=2023,Toronto Metropolitan University Bachelor's Degree,,6.5,125,60,70,176
george brown college,Early Childhood Education (Fast-Track) (C130),https://www.georgebrown.ca/program-finder?year=2023&f[0]=international_students_can_apply:1/programs/early-childhood-education-program-fast-track-c130?year=2023,Ontario College Diploma,,6,105,54,60,169
george brown college,Early Childhood Education (Consecutive Diploma/GBC Degree) (C148),https://www.georgebrown.ca/program-finder?year=2023&f[0]=international_students_can_apply:1/programs/early-childhood-education-program-consecutive-diplomagbc-degree-c148?year=2023,"George Brown College Bachelor's Degree, Ontario College Diploma",,6.5,115,60,70,176
george brown college,Early Childhood Education (C100),https://www.georgebrown.ca/program-finder?year=2023&f[0]=international_students_can_apply:1/programs/early-childhood-education-program-c100?year=2023,Ontario College Diploma,,6,105,54,60,169
george brown college,Assaulted Women's and Children's Counsellor/ Advocate (C147),https://www.georgebrown.ca/program-finder?year=2023&f[0]=international_students_can_apply:1/node/125941%2C%20150881?year=2023,Ontario College Diploma,,6,105,54,60,169
george brown college,Assaulted Women's and Children's Counsellor/Advocate (AWCCA) (C137),https://www.georgebrown.ca/program-finder?year=2023&f[0]=international_students_can_apply:1/programs/assaulted-womens-and-childrens-counselloradvocate-program-awcca-c137?year=2023,Ontario College Diploma,,6,105,54,60,169
george brown college,Career Development Practitioner (Postgraduate) (C406),https://www.georgebrown.ca/program-finder?year=2023&f[0]=international_students_can_apply:1/programs/career-development-practitioner-program-postgraduate-c406?year=2023,Ontario College Graduate Certificate,,6.5,125,60,70,176
george brown college,Child and Youth Care (C133),https://www.georgebrown.ca/program-finder?year=2023&f[0]=international_students_can_apply:1/programs/child-and-youth-care-program-c133?year=2023,Ontario College Advanced Diploma,,6.5,125,60,70,176
george brown college,Child and Youth Care (Accelerated) (C153),https://www.georgebrown.ca/program-finder?year=2023&f[0]=international_students_can_apply:1/programs/child-and-youth-care-program-accelerated-c153?year=2023,Ontario College Advanced Diploma,,6.5,125,60,70,176
george brown college,Community Worker (C101),https://www.georgebrown.ca/program-finder?year=2023&f[0]=international_students_can_apply:1/programs/community-worker-program-c101?year=2023,Ontario College Diploma,,6,105,54,60,169
george brown college,Community Worker (Accelerated) (C131),https://www.georgebrown.ca/program-finder?year=2023&f[0]=international_students_can_apply:1/programs/community-worker-program-accelerated-c131?year=2023,Ontario College Diploma,,6,105,54,60,169
george brown college,Social Service Worker (C119),https://www.georgebrown.ca/program-finder?year=2023&f[0]=international_students_can_apply:1/programs/social-service-worker-program-c119?year=2023,Ontario College Diploma,,6,105,54,60,169
george brown college,Social Service Worker (Accelerated) (C135),https://www.georgebrown.ca/program-finder?year=2023&f[0]=international_students_can_apply:1/programs/social-service-worker-program-accelerated-c135?year=2023,Ontario College Diploma,,6,105,54,60,169
george brown college,Building Information Modeling Management (BIM) (Postgraduate) (T412),https://www.georgebrown.ca/program-finder?year=2023&f[0]=international_students_can_apply:1/programs/building-information-modeling-management-program-bim-postgraduate-t412?year=2023,Ontario College Graduate Certificate,,6.5,125,60,70,176
george brown college,Civil Engineering Technology (T164),https://www.georgebrown.ca/program-finder?year=2023&f[0]=international_students_can_apply:1/programs/civil-engineering-technology-program-t164?year=2023,Ontario College Advanced Diploma,,6.5,125,60,70,176
george brown college,Construction Engineering Technician (T161),https://www.georgebrown.ca/program-finder?year=2023&f[0]=international_students_can_apply:1/programs/construction-engineering-technician-program-t161?year=2023,Ontario College Diploma,,6,105,54,60,169
george brown college,Construction Engineering Technology (T105),https://www.georgebrown.ca/program-finder?year=2023&f[0]=international_students_can_apply:1/programs/construction-engineering-technology-program-t105?year=2023,Ontario College Advanced Diploma,,6.5,125,60,70,176
george brown college,Construction Management (for Internationally Educated Professionals) (Postgraduate) (T403),https://www.georgebrown.ca/program-finder?year=2023&f[0]=international_students_can_apply:1/programs/construction-management-program-for-internationally-educated-professionals-postgraduate-t403?year=2023,Ontario College Graduate Certificate,,6.5,125,60,70,176
george brown college,Honours Bachelor of Technology (Construction Management) (T312),https://www.georgebrown.ca/program-finder?year=2023&f[0]=international_students_can_apply:1/programs/honours-bachelor-of-technology-program-construction-management-t312?year=2023,Honours Bachelor's Degree,,6.5,125,60,70,176
george brown college,Honours Bachelor of Technology (Construction Management) (Bridging) (T314),https://www.georgebrown.ca/program-finder?year=2023&f[0]=international_students_can_apply:1/programs/honours-bachelor-of-technology-construction-management-program-bridging-t314?year=2023,Honours Bachelor's Degree,,6.5,125,60,70,176
george brown college,Honours Bachelor of Technology (Construction Management) (Bridging) (T316),https://www.georgebrown.ca/program-finder?year=2023&f[0]=international_students_can_apply:1/programs/honours-bachelor-of-technology-construction-management-program-bridging-t316?year=2023,Honours Bachelor's Degree,,6.5,125,60,70,176
george brown college,Honours Bachelor of Technology (Construction Management) (Bridging) (T317),https://www.georgebrown.ca/program-finder?year=2023&f[0]=international_students_can_apply:1/programs/honours-bachelor-of-technology-construction-management-program-bridging-t317?year=2023,Honours Bachelor's Degree,,6.5,125,60,70,176
george brown college,Honours Bachelor of Technology (Construction Management) (Bridging) (T318),https://www.georgebrown.ca/program-finder?year=2023&f[0]=international_students_can_apply:1/programs/honours-bachelor-of-technology-construction-management-program-bridging-t318?year=2023,Honours Bachelor's Degree,,6.5,125,60,70,176
george brown college,Building Renovation Technology (T148),https://www.georgebrown.ca/program-finder?year=2023&f[0]=international_students_can_apply:1/programs/building-renovation-technology-program-t148?year=2023,Ontario College Advanced Diploma,,6.5,125,60,70,176
george brown college,Carpentry and Renovation Technician (T180),https://www.georgebrown.ca/program-finder?year=2023&f[0]=international_students_can_apply:1/programs/carpentry-and-renovation-technician-program-t180?year=2023,Ontario College Diploma,,6,105,54,60,169
george brown college,Construction Techniques (T176),https://www.georgebrown.ca/program-finder?year=2023&f[0]=international_students_can_apply:1/programs/construction-techniques-program-t176?year=2023,Ontario College Certificate,,6,105,54,60,169
george brown college,Electrical Techniques (T167),https://www.georgebrown.ca/program-finder?year=2023&f[0]=international_students_can_apply:1/programs/electrical-techniques-program-t167?year=2023,Ontario College Certificate,,6,105,54,60,169
george brown college,"Heating, Refrigeration, and Air Conditioning Technician (T160)",https://www.georgebrown.ca/program-finder?year=2023&f[0]=international_students_can_apply:1/programs/heating-refrigeration-and-air-conditioning-technician-program-t160?year=2023,Ontario College Diploma,,6,105,54,60,169
george brown college,"Heating, Refrigeration, and Air Conditioning Technology (T162)",https://www.georgebrown.ca/program-finder?year=2023&f[0]=international_students_can_apply:1/programs/heating-refrigeration-and-air-conditioning-technology-program-t162?year=2023,Ontario College Advanced Diploma,,6.5,125,60,70,176
george brown college,Plumbing Techniques (T165),https://www.georgebrown.ca/program-finder?year=2023&f[0]=international_students_can_apply:1/programs/plumbing-techniques-program-t165?year=2023,Ontario College Certificate,,6,105,54,60,169
george brown college,Welding Techniques (T166),https://www.georgebrown.ca/program-finder?year=2023&f[0]=international_students_can_apply:1/programs/welding-techniques-program-t166?year=2023,Ontario College Certificate,,6,105,54,60,169
george brown college,Architectural Technician (T132),https://www.georgebrown.ca/program-finder?year=2023&f[0]=international_students_can_apply:1/programs/architectural-technician-program-t132?year=2023,Ontario College Diploma,,6,105,54,60,169
george brown college,Architectural Technology (T109),https://www.georgebrown.ca/program-finder?year=2023&f[0]=international_students_can_apply:1/programs/architectural-technology-program-t109?year=2023,Ontario College Advanced Diploma,,6.5,125,60,70,176
george brown college,Interior Design (T178),https://www.georgebrown.ca/program-finder?year=2023&f[0]=international_students_can_apply:1/programs/interior-design-program-t178?year=2023,Ontario College Advanced Diploma,,6.5,125,60,70,176
george brown college,Advanced Manufacturing (T414),https://www.georgebrown.ca/program-finder?year=2023&f[0]=international_students_can_apply:1/programs/advanced-manufacturing-program-t414?year=2023,Ontario College Graduate Certificate,,6.5,125,60,70,176
george brown college,Automation Technician (Distance Education) (T950),https://www.georgebrown.ca/program-finder?year=2023&f[0]=international_students_can_apply:1/programs/automation-technician-program-distance-education-t950?year=2023,George Brown College Certificate,,6,105,54,60,169
george brown college,Electric Vehicle (EV) Technician (T951),https://www.georgebrown.ca/program-finder?year=2023&f[0]=international_students_can_apply:1/programs/electric-vehicle-ev-technician-program-t951?year=2023,George Brown College Certificate,,6,105,54,60,169
george brown college,Electromechanical Engineering Technician (T146),https://www.georgebrown.ca/program-finder?year=2023&f[0]=international_students_can_apply:1/programs/electromechanical-engineering-technician-program-t146?year=2023,Ontario College Diploma,,6,105,54,60,169
george brown college,Electromechanical Engineering Technology – Building Automation (T171),https://www.georgebrown.ca/program-finder?year=2023&f[0]=international_students_can_apply:1/programs/electromechanical-engineering-technology-building-automation-program-t171?year=2023,Ontario College Advanced Diploma,,6.5,125,60,70,176
george brown college,Electromechanical Engineering Technology - Power and Control (T182),https://www.georgebrown.ca/program-finder?year=2023&f[0]=international_students_can_apply:1/programs/electromechanical-engineering-technology-power-and-control-program-t182?year=2023,Ontario College Advanced Diploma,,6.5,125,60,70,176
george brown college,Electromechanical Technician (Distance Education) (T902),https://www.georgebrown.ca/program-finder?year=2023&f[0]=international_students_can_apply:1/programs/electromechanical-technician-program-distance-education-t902?year=2023,George Brown College Certificate,,6,105,54,60,169
george brown college,Electronics Technician (Distance Education) (T901),https://www.georgebrown.ca/program-finder?year=2023&f[0]=international_students_can_apply:1/programs/electronics-technician-program-distance-education-t901?year=2023,George Brown College Certificate,,6,105,54,60,169
george brown college,Mechanical Engineering Technology – Design (T121),https://www.georgebrown.ca/program-finder?year=2023&f[0]=international_students_can_apply:1/programs/mechanical-engineering-technology-design-program-t121?year=2023,Ontario College Advanced Diploma,,6.5,125,60,70,176
george brown college,Mechanical Technician – CNC and Precision Machining (T173),https://www.georgebrown.ca/program-finder?year=2023&f[0]=international_students_can_apply:1/programs/mechanical-technician-cnc-and-precision-machining-program-t173?year=2023,Ontario College Diploma,,6,105,54,60,169
george brown college,Programmable Logic Controllers (PLC) Technician (Distance Education) (T903),https://www.georgebrown.ca/program-finder?year=2023&f[0]=international_students_can_apply:1/programs/programmable-logic-controllers-plc-technician-program-distance-education-t903?year=2023,George Brown College Certificate,,6,105,54,60,169
george brown college,Programmable Logic Controllers (PLC) Technician II (Distance Education) (T949),https://www.georgebrown.ca/program-finder?year=2023&f[0]=international_students_can_apply:1/programs/programmable-logic-controllers-plc-technician-ii-program-distance-education-t949?year=2023,George Brown College Certificate,,6,105,54,60,169
george brown college,Robotics Technician (Distance Education) (T948),https://www.georgebrown.ca/program-finder?year=2023&f[0]=international_students_can_apply:1/programs/robotics-technician-program-distance-education-t948?year=2023,George Brown College Certificate,,6,105,54,60,169
george brown college,Dental Assisting (Levels I and II) (S113),https://www.georgebrown.ca/program-finder?year=2023&f[0]=international_students_can_apply:1/programs/dental-assisting-levels-i-and-ii-program-s113?year=2023,Ontario College Certificate,,6,105,54,60,169
george brown college,Dental Hygiene (S134),https://www.georgebrown.ca/program-finder?year=2023&f[0]=international_students_can_apply:1/programs/dental-hygiene-program-s134?year=2023,Ontario College Advanced Diploma,,6.5,125,60,70,176
george brown college,Dental Technology (S100),https://www.georgebrown.ca/program-finder?year=2023&f[0]=international_students_can_apply:1/programs/dental-technology-program-s100?year=2023,Ontario College Advanced Diploma,,6.5,125,60,70,176
george brown college,Denturism (S101),https://www.georgebrown.ca/program-finder?year=2023&f[0]=international_students_can_apply:1/programs/denturism-program-s101?year=2023,Ontario College Advanced Diploma,,6.5,125,60,70,176
george brown college,Autism and Behavioural Science (Postgraduate) (C405),https://www.georgebrown.ca/program-finder?year=2023&f[0]=international_students_can_apply:1/programs/autism-and-behavioural-science-program-postgraduate-c405?year=2023,Ontario College Graduate Certificate,,6.5,125,60,70,176
george brown college,Behavioural Science Technician (C146),https://www.georgebrown.ca/program-finder?year=2023&f[0]=international_students_can_apply:1/programs/behavioural-science-technician-program-c146?year=2023,Ontario College Diploma,,6,105,54,60,169
george brown college,Behavioural Science Technician (Accelerated) (C156),https://www.georgebrown.ca/program-finder?year=2023&f[0]=international_students_can_apply:1/programs/behavioural-science-technician-program-accelerated-c156?year=2023,Ontario College Diploma,,6,105,54,60,169
george brown college,Hearing Instrument Specialist (S117),https://www.georgebrown.ca/program-finder?year=2023&f[0]=international_students_can_apply:1/programs/hearing-instrument-specialist-program-s117?year=2023,Ontario College Advanced Diploma,,6.5,125,60,70,176
george brown college,Honours Bachelor of Behaviour Analysis (S302),https://www.georgebrown.ca/program-finder?year=2023&f[0]=international_students_can_apply:1/programs/honours-bachelor-of-behaviour-analysis-program-s302?year=2023,Honours Bachelor's Degree,,6.5,125,60,70,176
george brown college,Recreation Management in Gerontology (C152),https://www.georgebrown.ca/program-finder?year=2023&f[0]=international_students_can_apply:1/programs/recreation-management-in-gerontology-program-c152?year=2023,Ontario College Diploma,,6,105,54,60,169
george brown college,Dental Office Administration (S115),https://www.georgebrown.ca/program-finder?year=2023&f[0]=international_students_can_apply:1/programs/dental-office-administration-program-s115?year=2023,Ontario College Certificate,,6,105,54,60,169
george brown college,Health Information Management (C139),https://www.georgebrown.ca/program-finder?year=2023&f[0]=international_students_can_apply:1/programs/health-information-management-program-c139?year=2023,Ontario College Diploma,,6,105,54,60,169
george brown college,Office Administration – Health Services (S135),https://www.georgebrown.ca/program-finder?year=2023&f[0]=international_students_can_apply:1/programs/office-administration-health-services-program-s135?year=2023,Ontario College Diploma,,6,105,54,60,169
george brown college,Advanced French Patisserie (Postgraduate) (H413),https://www.georgebrown.ca/program-finder?year=2023&f[0]=international_students_can_apply:1/programs/advanced-french-patisserie-program-postgraduate-h413?year=2023,Ontario College Graduate Certificate,,6.5,125,60,70,176
george brown college,Baking and Pastry Arts Management (H113),https://www.georgebrown.ca/program-finder?year=2023&f[0]=international_students_can_apply:1/programs/baking-and-pastry-arts-management-program-h113?year=2023,Ontario College Diploma,,6,105,54,60,169
george brown college,Baking and Pastry Foundations (H128),https://www.georgebrown.ca/program-finder?year=2023&f[0]=international_students_can_apply:1/programs/baking-and-pastry-foundations-h128?year=2023,Ontario College Certificate,,6,105,54,60,169
george brown college,Culinary Arts – Italian (Postgraduate) (H411),https://www.georgebrown.ca/program-finder?year=2023&f[0]=international_students_can_apply:1/programs/culinary-arts-italian-program-postgraduate-h411?year=2023,Ontario College Graduate Certificate,,6.5,125,60,70,176
george brown college,Culinary Management (Integrated Learning) (H116),https://www.georgebrown.ca/program-finder?year=2023&f[0]=international_students_can_apply:1/programs/culinary-management-program-integrated-learning-h116?year=2023,Ontario College Diploma,,6,105,54,60,169
george brown college,Culinary Management (H100),https://www.georgebrown.ca/program-finder?year=2023&f[0]=international_students_can_apply:1/programs/culinary-management-program-h100?year=2023,Ontario College Diploma,,6,105,54,60,169
george brown college,Culinary Management – Nutrition (H119),https://www.georgebrown.ca/program-finder?year=2023&f[0]=international_students_can_apply:1/programs/culinary-management-nutrition-program-h119?year=2023,Ontario College Diploma,,6,105,54,60,169
george brown college,Culinary Skills (H134),https://www.georgebrown.ca/program-finder?year=2023&f[0]=international_students_can_apply:1/programs/culinary-skills-program-h134?year=2023,Ontario College Certificate,,6,105,54,60,169
george brown college,Food and Nutrition Management (Postgraduate) (H402),https://www.georgebrown.ca/program-finder?year=2023&f[0]=international_students_can_apply:1/programs/food-and-nutrition-management-program-postgraduate-h402?year=2023,Ontario College Graduate Certificate,,6.5,125,60,70,176
george brown college,Honours Bachelor of Commerce (Culinary Management) (H315),https://www.georgebrown.ca/program-finder?year=2023&f[0]=international_students_can_apply:1/programs/honours-bachelor-of-commerce-program-culinary-management-h315?year=2023,Honours Bachelor's Degree,,6.5,125,60,70,176
george brown college,Honours Bachelor of Commerce (Culinary Management) (Bridging) (H316),https://www.georgebrown.ca/program-finder?year=2023&f[0]=international_students_can_apply:1/programs/honours-bachelor-of-commerce-culinary-management-program-bridging-h316?year=2023,Honours Bachelor's Degree,,6.5,125,60,70,176
george brown college,Honours Bachelor of Food Studies (H317),https://www.georgebrown.ca/program-finder?year=2023&f[0]=international_students_can_apply:1/programs/honours-bachelor-of-food-studies-program-h317?year=2023,Honours Bachelor's Degree,,6.5,125,60,70,176
george brown college,Honours Bachelor of Food Studies (H318),https://www.georgebrown.ca/program-finder?year=2023&f[0]=international_students_can_apply:1/programs/honours-bachelor-of-food-studies-program-bridging-h318?year=2023,Honours Bachelor's Degree,,6.5,125,60,70,176
george brown college,International Cuisine (Postgraduate) (H415),https://www.georgebrown.ca/program-finder?year=2023&f[0]=international_students_can_apply:1/programs/international-cuisine-program-postgraduate-h415?year=2023,Ontario College Graduate Certificate,,6.5,125,60,70,176
george brown college,Advanced Wine and Beverage Business Management (Postgraduate) (H414),https://www.georgebrown.ca/program-finder?year=2023&f[0]=international_students_can_apply:1/programs/advanced-wine-and-beverage-business-management-program-postgraduate-h414?year=2023,Ontario College Graduate Certificate,,6.5,125,60,70,176
george brown college,Event Planning (H141),https://www.georgebrown.ca/program-finder?year=2023&f[0]=international_students_can_apply:1/programs/event-planning-program-h141?year=2023,Ontario College Diploma,,6,105,54,60,169
george brown college,Food and Beverage Management – Restaurant Management (H132),https://www.georgebrown.ca/program-finder?year=2023&f[0]=international_students_can_apply:1/programs/food-and-beverage-management-restaurant-management-program-h132?year=2023,Ontario College Diploma,,6,105,54,60,169
george brown college,Food Tourism Entrepreneurship (Postgraduate) (H417),https://www.georgebrown.ca/program-finder?year=2023&f[0]=international_students_can_apply:1/programs/food-tourism-entrepreneurship-program-postgraduate-h417?year=2023,Ontario College Graduate Certificate,,6.5,125,60,70,176
george brown college,Honours Bachelor of Business Administration (Hospitality) (Fast-Track) (H312),https://www.georgebrown.ca/program-finder?year=2023&f[0]=international_students_can_apply:1/programs/honours-bachelor-of-business-administration-program-hospitality-fast-track-h312?year=2023,Honours Bachelor's Degree,,6.5,125,60,70,176
george brown college,Honours Bachelor of Business Administration (Hospitality) (H311),https://www.georgebrown.ca/program-finder?year=2023&f[0]=international_students_can_apply:1/programs/honours-bachelor-of-business-administration-hospitality-program-h311?year=2023,Honours Bachelor's Degree,,6.5,125,60,70,176
george brown college,Hospitality – Hotel Operations Management (H133),https://www.georgebrown.ca/program-finder?year=2023&f[0]=international_students_can_apply:1/programs/hospitality-hotel-operations-management-program-h133?year=2023,Ontario College Diploma,,6,105,54,60,169
george brown college,Hospitality Services (H101),https://www.georgebrown.ca/program-finder?year=2023&f[0]=international_students_can_apply:1/programs/hospitality-services-program-h101?year=2023,Ontario College Certificate,,6,105,54,60,169
george brown college,Tourism and Hospitality Management (H130),https://www.georgebrown.ca/program-finder?year=2023&f[0]=international_students_can_apply:1/programs/tourism-and-hospitality-management-program-h130?year=2023,Ontario College Diploma,,6,105,54,60,169
george brown college,Continuing Education ESL Pathway to George Brown College Certificates and Diplomas (R903),https://www.georgebrown.ca/program-finder?year=2023&f[0]=international_students_can_apply:1/programs/continuing-education-esl-pathway-to-george-brown-college-certificates-and-diplomas-program-r903?year=2023,George Brown College Certificate,,6,105,54,60,169
george brown college,English As A Second Language (ESL) (R901),https://www.georgebrown.ca/program-finder?year=2023&f[0]=international_students_can_apply:1/programs/english-as-a-second-language-esl-program-r901?year=2023,George Brown College Certificate,,6,105,54,60,169
george brown college,English for Professional Success (EPS) (R902),https://www.georgebrown.ca/program-finder?year=2023&f[0]=international_students_can_apply:1/programs/english-for-professional-success-eps-program-r902?year=2023,George Brown College Certificate,,6,105,54,60,169
george brown college,General Arts and Science – English for Academic Purposes (for International Students) (R115),https://www.georgebrown.ca/program-finder?year=2023&f[0]=international_students_can_apply:1/programs/general-arts-and-science-english-for-academic-purposes-program-for-international-students-r115?year=2023,Ontario College Certificate,,6,105,54,60,169
george brown college,General Arts and Science (Diploma) (R101),https://www.georgebrown.ca/program-finder?year=2023&f[0]=international_students_can_apply:1/programs/general-arts-and-science-program-diploma-r101?year=2023,Ontario College Diploma,,6,105,54,60,169
george brown college,General Arts and Science – One-Year (Certificate) (R104),https://www.georgebrown.ca/program-finder?year=2023&f[0]=international_students_can_apply:1/programs/general-arts-and-science-one-year-program-certificate-r104?year=2023,Ontario College Certificate,,6,105,54,60,169
george brown college,Human Services Foundations (A113),https://www.georgebrown.ca/program-finder?year=2023&f[0]=international_students_can_apply:1/programs/human-services-foundations-program-a113?year=2023,Ontario College Certificate,,6,105,54,60,169
george brown college,Pre-Business (A146),https://www.georgebrown.ca/program-finder?year=2023&f[0]=international_students_can_apply:1/programs/pre-business-program-a146?year=2023,Ontario College Certificate,,6,105,54,60,169
george brown college,Pre-Health Sciences Pathway to Advanced Diplomas and Degrees (A108),https://www.georgebrown.ca/program-finder?year=2023&f[0]=international_students_can_apply:1/programs/pre-health-sciences-pathway-to-advanced-diplomas-and-degrees-program-a108?year=2023,Ontario College Certificate,,6,105,54,60,169
george brown college,Pre-Health Sciences Pathway to Certificates and Diplomas (A109),https://www.georgebrown.ca/program-finder?year=2023&f[0]=international_students_can_apply:1/programs/pre-health-sciences-pathway-to-certificates-and-diplomas-program-a109?year=2023,Ontario College Certificate,,6,105,54,60,169
